{"cameraMode":{"drawMode":0,"name":"Shaded","section":"Shading Mode"},"sceneLighting":true,"audioPlay":false,"sceneViewState":{"showFog":true,"showMaterialUpdate":false,"showSkybox":true,"showFlares":true,"showImageEffects":true,"showParticleSystems":true},"in2DMode":false,"pivot":{"x":0.0741281509399414,"y":1.7599990367889405,"z":-0.9853150248527527},"rotation":{"x":-0.027761606499552728,"y":-0.7495608925819397,"z":-0.03150012344121933,"w":0.6606027483940125},"size":12.527894020080567,"orthographic":false}